timestamp,buy_from,sell_to,buy_price,sell_price,amount_usd,profit_usd,balance_usd,fees_paid_usd
2025-01-13T00:40:00,coinbase,binance,95545.37,95835.07,10000,10.27,10010.27,20.0203
2025-01-13T00:55:00,coinbase,binance,95280.24,95625.95,10000,16.22,10026.49,20.0262
2025-01-13T12:10:00,coinbase,binance,90862.54,91234.67,10000,20.88,10047.37,20.0309
2025-01-13T12:20:00,coinbase,binance,90728.14,91071.79,10000,17.81,10065.19,20.0278
2025-01-13T12:30:00,coinbase,binance,90601.14,90873.17,10000,9.97,10075.16,20.02
2025-01-13T14:50:00,binance,coinbase,91679.46,92011.15,10000,16.12,10091.28,20.0261
2025-01-13T15:05:00,binance,coinbase,92035.47,92364.22,10000,15.66,10106.94,20.0257
2025-01-14T01:55:00,binance,coinbase,94421.4,94800.78,10000,20.11,10127.05,20.0301
2025-01-14T13:35:00,coinbase,binance,96508.64,96859.93,10000,16.34,10143.38,20.0264
2025-01-14T16:25:00,coinbase,binance,95810.98,96116.54,10000,11.84,10155.22,20.0219
2025-01-14T18:45:00,binance,coinbase,96568.61,96881.45,10000,12.34,10167.56,20.0224
2025-01-15T07:25:00,binance,coinbase,97108.34,97502.52,10000,20.52,10188.08,20.0306
2025-01-16T06:35:00,binance,coinbase,99527.62,99834.0,10000,10.73,10198.81,20.0208
2025-01-16T08:45:00,coinbase,binance,98767.96,99166.78,10000,20.31,10219.12,20.0303
2025-01-16T12:00:00,coinbase,binance,98943.18,99270.65,10000,13.04,10232.16,20.0231
2025-01-16T14:50:00,coinbase,binance,97736.44,98125.56,10000,19.74,10251.91,20.0298
2025-01-16T15:10:00,coinbase,binance,97780.88,98096.63,10000,12.24,10264.14,20.0223
2025-01-16T15:15:00,binance,coinbase,97767.15,98087.24,10000,12.68,10276.83,20.0227
2025-01-16T16:25:00,binance,coinbase,99342.58,99726.15,10000,18.54,10295.37,20.0286
2025-01-16T18:15:00,coinbase,binance,99454.06,99821.86,10000,16.92,10312.29,20.0269
2025-01-16T19:10:00,binance,coinbase,99409.76,99734.13,10000,12.57,10324.86,20.0226
2025-01-16T20:25:00,binance,coinbase,100280.39,100610.85,10000,12.9,10337.76,20.0229
2025-01-17T02:15:00,binance,coinbase,101708.96,102056.19,10000,14.08,10351.84,20.0241
2025-01-17T04:55:00,binance,coinbase,101136.22,101462.6,10000,12.22,10364.06,20.0222
2025-01-17T09:05:00,binance,coinbase,101872.5,102262.02,10000,18.17,10382.23,20.0282
2025-01-17T15:00:00,binance,coinbase,103313.15,103680.08,10000,15.46,10397.69,20.0255
2025-01-17T17:00:00,binance,coinbase,104696.4,105013.81,10000,10.27,10407.95,20.0203
2025-01-17T17:20:00,binance,coinbase,104689.56,105039.91,10000,13.41,10421.36,20.0234
2025-01-17T18:55:00,binance,coinbase,104567.25,104909.95,10000,12.72,10434.08,20.0227
2025-01-17T19:00:00,binance,coinbase,104567.95,104894.34,10000,11.16,10445.24,20.0212
2025-01-17T22:10:00,coinbase,binance,104452.89,104781.96,10000,11.45,10456.69,20.0215
2025-01-18T00:40:00,binance,coinbase,104280.92,104620.96,10000,12.55,10469.24,20.0226
2025-01-18T00:55:00,binance,coinbase,104345.51,104703.58,10000,14.26,10483.5,20.0243
2025-01-18T03:50:00,binance,coinbase,103286.97,103600.67,10000,10.32,10493.82,20.0203
2025-01-18T04:30:00,binance,coinbase,102911.78,103353.25,10000,22.82,10516.64,20.0329
2025-01-18T08:05:00,coinbase,binance,102305.88,102695.85,10000,18.05,10534.7,20.0281
2025-01-18T10:15:00,coinbase,binance,102840.38,103171.15,10000,12.11,10546.8,20.0221
2025-01-18T15:55:00,coinbase,binance,104502.19,104964.02,10000,24.11,10570.92,20.0341
2025-01-18T16:40:00,coinbase,binance,103318.69,103813.99,10000,27.85,10598.77,20.0379
2025-01-18T20:15:00,coinbase,binance,104115.68,104434.82,10000,10.6,10609.37,20.0206
2025-01-19T00:20:00,coinbase,binance,104158.49,104481.13,10000,10.92,10620.3,20.0209
2025-01-19T00:25:00,coinbase,binance,104138.12,104461.93,10000,11.04,10631.34,20.0211
2025-01-19T02:20:00,binance,coinbase,104598.0,104918.6,10000,10.6,10641.94,20.0206
2025-01-19T02:50:00,coinbase,binance,104942.73,105286.23,10000,12.68,10654.62,20.0227
2025-01-19T04:15:00,coinbase,binance,104638.67,105177.7,10000,31.42,10686.04,20.0415
2025-01-19T08:00:00,coinbase,binance,104760.03,105238.13,10000,25.56,10711.59,20.0356
2025-01-19T08:45:00,coinbase,binance,104211.55,104544.38,10000,11.88,10723.48,20.0219
2025-01-19T09:15:00,coinbase,binance,103645.82,104004.4,10000,14.54,10738.01,20.0246
2025-01-19T10:10:00,coinbase,binance,104706.43,105090.81,10000,16.65,10754.66,20.0267
2025-01-19T10:30:00,coinbase,binance,104370.23,104827.97,10000,23.78,10778.44,20.0338
2025-01-19T11:55:00,coinbase,binance,104199.8,104614.11,10000,19.69,10798.13,20.0297
2025-01-19T12:20:00,coinbase,binance,104355.7,104753.4,10000,18.04,10816.18,20.0281
2025-01-19T13:25:00,coinbase,binance,104880.38,105205.26,10000,10.92,10827.1,20.0209
2025-01-19T13:45:00,coinbase,binance,104763.47,105102.23,10000,12.28,10839.38,20.0223
2025-01-19T13:55:00,coinbase,binance,104807.23,105192.31,10000,16.68,10856.06,20.0267
2025-01-19T14:00:00,coinbase,binance,104810.67,105172.56,10000,14.47,10870.53,20.0245
2025-01-19T14:05:00,coinbase,binance,104733.29,105155.4,10000,20.23,10890.76,20.0303
2025-01-19T14:10:00,coinbase,binance,104702.99,105131.53,10000,20.86,10911.62,20.0309
2025-01-19T15:05:00,coinbase,binance,104487.01,104938.15,10000,23.1,10934.72,20.0331
2025-01-19T16:05:00,coinbase,binance,104644.42,104961.57,10000,10.26,10944.98,20.0203
2025-01-19T17:20:00,coinbase,binance,104544.72,104888.48,10000,12.83,10957.8,20.0228
2025-01-19T17:25:00,coinbase,binance,104419.83,104859.09,10000,21.99,10979.79,20.032
2025-01-19T17:30:00,coinbase,binance,104501.18,104836.95,10000,12.08,10991.87,20.0221
2025-01-19T21:25:00,coinbase,binance,104302.81,104632.34,10000,11.54,11003.41,20.0216
2025-01-19T22:00:00,coinbase,binance,102922.49,103442.94,10000,30.48,11033.89,20.0405
2025-01-19T23:15:00,coinbase,binance,100419.89,100867.8,10000,24.52,11058.41,20.0346
2025-01-19T23:25:00,coinbase,binance,100407.36,100800.04,10000,19.04,11077.45,20.0291
2025-01-19T23:50:00,coinbase,binance,101299.55,101812.39,10000,30.53,11107.99,20.0406
2025-01-20T00:15:00,coinbase,binance,100938.26,101469.41,10000,32.53,11140.51,20.0426
2025-01-20T00:30:00,coinbase,binance,100781.67,101192.56,10000,20.7,11161.21,20.0307
2025-01-20T00:45:00,coinbase,binance,99614.31,100017.81,10000,20.44,11181.65,20.0305
2025-01-20T00:55:00,coinbase,binance,99651.05,99978.22,10000,12.78,11194.42,20.0228
2025-01-20T01:00:00,coinbase,binance,99734.82,100100.42,10000,16.59,11211.02,20.0266
2025-01-20T01:05:00,coinbase,binance,100075.73,100474.21,10000,19.75,11230.77,20.0298
2025-01-20T01:50:00,coinbase,binance,100031.51,100517.97,10000,28.54,11259.31,20.0386
2025-01-20T03:10:00,coinbase,binance,101669.68,101990.29,10000,11.48,11270.79,20.0215
2025-01-20T03:25:00,coinbase,binance,101533.43,101876.32,10000,13.71,11284.5,20.0237
2025-01-20T03:35:00,coinbase,binance,101495.39,101856.04,10000,15.47,11299.98,20.0255
2025-01-20T03:40:00,coinbase,binance,101469.95,101841.74,10000,16.58,11316.55,20.0266
2025-01-20T03:45:00,coinbase,binance,101392.8,101809.38,10000,21.01,11337.57,20.031
2025-01-20T04:05:00,coinbase,binance,101517.21,101852.78,10000,13.0,11350.57,20.023
2025-01-20T04:15:00,coinbase,binance,101608.35,101968.66,10000,15.4,11365.97,20.0254
2025-01-20T04:20:00,coinbase,binance,101686.8,101997.97,10000,10.55,11376.52,20.0206
2025-01-20T04:25:00,coinbase,binance,101659.63,101987.98,10000,12.24,11388.76,20.0223
2025-01-20T05:50:00,coinbase,binance,102375.01,102794.37,10000,20.89,11409.65,20.0309
2025-01-20T06:50:00,coinbase,binance,107878.53,108399.97,10000,28.25,11437.9,20.0383
2025-01-20T07:05:00,coinbase,binance,108390.93,109005.3,10000,36.58,11474.48,20.0466
2025-01-20T07:25:00,coinbase,binance,108556.5,108901.82,10000,11.76,11486.24,20.0218
2025-01-20T07:50:00,coinbase,binance,107630.53,107976.81,10000,12.12,11498.35,20.0221
2025-01-20T08:00:00,coinbase,binance,107313.34,107642.98,10000,10.67,11509.02,20.0207
2025-01-20T08:25:00,coinbase,binance,107885.08,108210.21,10000,10.09,11519.11,20.0201
2025-01-20T09:30:00,coinbase,binance,107790.16,108243.34,10000,21.97,11541.08,20.032
2025-01-20T10:05:00,coinbase,binance,107850.85,108253.6,10000,17.28,11558.35,20.0273
2025-01-20T11:05:00,coinbase,binance,107837.79,108163.07,10000,10.11,11568.47,20.0201
2025-01-20T12:15:00,coinbase,binance,105914.47,106291.31,10000,15.52,11583.99,20.0255
2025-01-20T12:45:00,coinbase,binance,106886.5,107211.19,10000,10.33,11594.31,20.0203
2025-01-20T14:20:00,coinbase,binance,107561.88,107949.21,10000,15.95,11610.26,20.026
2025-01-20T15:40:00,coinbase,binance,106322.21,106686.54,10000,14.21,11624.47,20.0242
2025-01-20T16:30:00,coinbase,binance,105266.31,105664.13,10000,17.73,11642.2,20.0278
2025-01-20T17:00:00,coinbase,binance,104381.61,104732.32,10000,13.54,11655.74,20.0236
2025-01-20T17:10:00,coinbase,binance,104081.32,104441.47,10000,14.54,11670.28,20.0246
2025-01-20T17:35:00,coinbase,binance,101497.58,102354.85,10000,64.3,11734.58,20.0744
2025-01-20T17:40:00,coinbase,binance,100714.16,101254.2,10000,33.52,11768.11,20.0436
2025-01-20T17:45:00,binance,coinbase,101683.01,102184.8,10000,29.26,11797.37,20.0393
2025-01-20T17:55:00,coinbase,binance,102829.6,103572.42,10000,52.1,11849.47,20.0622
2025-01-20T18:15:00,coinbase,binance,103340.01,103713.98,10000,16.13,11865.6,20.0262
2025-01-20T18:25:00,coinbase,binance,103630.4,103999.86,10000,15.59,11881.19,20.0256
2025-01-20T18:50:00,binance,coinbase,103939.04,104311.39,10000,15.76,11896.95,20.0258
2025-01-20T19:05:00,coinbase,binance,103222.0,103575.82,10000,14.22,11911.17,20.0242
2025-01-20T19:15:00,coinbase,binance,103160.41,103631.17,10000,25.55,11936.72,20.0356
2025-01-20T19:40:00,coinbase,binance,103171.04,103502.93,10000,12.11,11948.84,20.0221
2025-01-20T20:00:00,coinbase,binance,103488.75,103841.16,10000,13.99,11962.83,20.024
2025-01-20T20:35:00,coinbase,binance,103892.55,104313.32,10000,20.43,11983.26,20.0305
2025-01-20T20:40:00,coinbase,binance,103751.46,104067.92,10000,10.45,11993.71,20.0205
2025-01-20T20:55:00,coinbase,binance,103527.69,103848.82,10000,10.97,12004.68,20.021
2025-01-20T21:25:00,coinbase,binance,103590.75,103997.82,10000,19.23,12023.91,20.0293
2025-01-20T21:35:00,coinbase,binance,103264.21,103652.74,10000,17.56,12041.46,20.0276
2025-01-20T21:45:00,coinbase,binance,103012.79,103336.33,10000,11.35,12052.82,20.0214
2025-01-20T21:55:00,coinbase,binance,102479.85,102927.91,10000,23.64,12076.46,20.0337
2025-01-20T22:05:00,coinbase,binance,102427.88,102927.38,10000,28.68,12105.14,20.0387
2025-01-20T22:15:00,coinbase,binance,102800.67,103131.31,10000,12.11,12117.25,20.0221
2025-01-20T23:10:00,coinbase,binance,102615.9,103092.07,10000,26.32,12143.57,20.0364
2025-01-20T23:45:00,coinbase,binance,101989.89,102463.31,10000,26.34,12169.91,20.0364
2025-01-20T23:50:00,coinbase,binance,101849.71,102288.56,10000,23.01,12192.92,20.033
2025-01-21T00:50:00,coinbase,binance,101231.03,101654.56,10000,21.76,12214.68,20.0318
2025-01-21T01:10:00,binance,coinbase,101692.95,102034.15,10000,13.49,12228.18,20.0235
2025-01-21T01:35:00,coinbase,binance,100950.48,101303.57,10000,14.92,12243.1,20.0249
2025-01-21T02:25:00,coinbase,binance,102297.21,102629.65,10000,12.44,12255.54,20.0225
2025-01-21T04:00:00,coinbase,binance,102574.84,103065.08,10000,27.71,12283.25,20.0377
2025-01-21T04:25:00,coinbase,binance,102585.56,102974.03,10000,17.8,12301.05,20.0278
2025-01-21T05:20:00,coinbase,binance,101733.42,102164.5,10000,22.3,12323.35,20.0323
2025-01-21T05:30:00,coinbase,binance,101292.45,101775.58,10000,27.61,12350.96,20.0376
2025-01-21T05:35:00,coinbase,binance,101452.81,101766.48,10000,10.87,12361.82,20.0209
2025-01-21T05:45:00,coinbase,binance,101364.27,101753.57,10000,18.34,12380.16,20.0284
2025-01-21T05:50:00,coinbase,binance,101370.82,101718.59,10000,14.25,12394.41,20.0243
2025-01-21T09:05:00,binance,coinbase,102278.56,102718.74,10000,22.96,12417.37,20.033
2025-01-21T13:35:00,coinbase,binance,104459.23,104813.42,10000,13.85,12431.22,20.0239
2025-01-21T14:35:00,coinbase,binance,103354.27,103742.04,10000,17.45,12448.68,20.0275
2025-01-21T14:45:00,coinbase,binance,103825.58,104143.32,10000,10.55,12459.23,20.0206
2025-01-21T15:00:00,coinbase,binance,102838.0,103156.58,10000,10.93,12470.15,20.0209
2025-01-21T15:45:00,coinbase,binance,103486.0,103931.98,10000,23.02,12493.17,20.0331
2025-01-21T16:20:00,coinbase,binance,105994.56,106355.87,10000,14.03,12507.2,20.0241
2025-01-21T16:45:00,binance,coinbase,105199.34,105583.24,10000,16.43,12523.63,20.0265
2025-01-21T16:50:00,coinbase,binance,105239.82,105639.29,10000,17.89,12541.53,20.0279
2025-01-21T17:45:00,binance,coinbase,105880.2,106278.81,10000,17.58,12559.11,20.0276
2025-01-21T17:55:00,binance,coinbase,105782.15,106195.4,10000,19.0,12578.11,20.029
2025-01-21T18:25:00,binance,coinbase,106033.64,106409.11,10000,15.35,12593.45,20.0254
2025-01-21T18:35:00,binance,coinbase,106712.54,107211.86,10000,26.71,12620.16,20.0367
2025-01-21T19:25:00,binance,coinbase,106425.51,106905.84,10000,25.05,12645.22,20.0351
2025-01-21T19:50:00,binance,coinbase,106681.95,107022.61,10000,11.88,12657.09,20.0219
2025-01-21T20:30:00,coinbase,binance,106398.14,106780.78,10000,15.9,12672.99,20.0259
2025-01-21T21:10:00,coinbase,binance,106028.3,106401.71,10000,15.16,12688.15,20.0252
2025-01-21T23:15:00,binance,coinbase,105670.25,106044.55,10000,15.36,12703.51,20.0254
2025-01-21T23:55:00,binance,coinbase,105790.01,106159.26,10000,14.84,12718.36,20.0249
2025-01-22T06:10:00,binance,coinbase,105557.59,105894.57,10000,11.87,12730.23,20.0219
2025-01-22T07:30:00,coinbase,binance,105241.36,105563.57,10000,10.57,12740.79,20.0206
2025-01-22T07:55:00,coinbase,binance,105062.67,105427.82,10000,14.7,12755.49,20.0247
2025-01-22T08:05:00,coinbase,binance,104987.01,105335.01,10000,13.09,12768.58,20.0231
2025-01-22T09:05:00,coinbase,binance,104993.94,105366.85,10000,15.46,12784.04,20.0255
2025-01-22T09:10:00,coinbase,binance,105001.11,105329.81,10000,11.25,12795.29,20.0213
2025-01-22T10:00:00,coinbase,binance,104757.18,105155.91,10000,18.0,12813.28,20.028
2025-01-22T12:10:00,binance,coinbase,105102.04,105456.34,10000,13.65,12826.94,20.0237
2025-01-22T13:20:00,coinbase,binance,104974.08,105292.33,10000,10.27,12837.2,20.0203
2025-01-22T14:15:00,binance,coinbase,103951.12,104270.36,10000,10.66,12847.86,20.0207
2025-01-22T15:00:00,binance,coinbase,104146.79,104461.84,10000,10.2,12858.06,20.0202
2025-01-22T15:20:00,binance,coinbase,104444.24,104857.38,10000,19.49,12877.55,20.0295
2025-01-22T15:30:00,coinbase,binance,104196.25,104541.34,10000,13.06,12890.61,20.0231
2025-01-22T15:55:00,coinbase,binance,104182.11,104591.55,10000,19.23,12909.84,20.0293
2025-01-22T18:05:00,binance,coinbase,104188.84,104542.93,10000,13.93,12923.77,20.024
2025-01-22T19:10:00,binance,coinbase,103944.17,104265.33,10000,10.85,12934.62,20.0209
2025-01-22T20:35:00,coinbase,binance,104197.24,104594.14,10000,18.03,12952.64,20.0281
2025-01-22T21:00:00,coinbase,binance,104118.66,104480.83,10000,14.72,12967.37,20.0247
2025-01-22T21:10:00,coinbase,binance,103867.98,104207.24,10000,12.61,12979.97,20.0226
2025-01-23T01:25:00,binance,coinbase,103152.31,103477.49,10000,11.47,12991.45,20.0215
2025-01-23T02:05:00,coinbase,binance,102414.66,102770.68,10000,14.7,13006.15,20.0247
2025-01-23T04:10:00,coinbase,binance,102191.46,102535.35,10000,13.59,13019.74,20.0236
2025-01-23T04:15:00,coinbase,binance,101896.53,102326.12,10000,22.09,13041.83,20.0321
2025-01-23T04:20:00,coinbase,binance,101717.13,102184.77,10000,25.89,13067.72,20.0359
2025-01-23T04:35:00,coinbase,binance,101529.06,102071.07,10000,33.29,13101.01,20.0433
2025-01-23T05:25:00,coinbase,binance,101948.12,102270.77,10000,11.6,13112.6,20.0216
2025-01-23T07:35:00,binance,coinbase,102125.02,102451.29,10000,11.89,13124.5,20.0219
2025-01-23T09:50:00,coinbase,binance,101600.01,102032.35,10000,22.48,13146.98,20.0325
2025-01-23T09:55:00,coinbase,binance,101604.61,102020.52,10000,20.86,13167.84,20.0309
2025-01-23T10:40:00,coinbase,binance,101254.38,101632.37,10000,17.27,13185.1,20.0273
2025-01-23T11:10:00,binance,coinbase,101649.67,101958.28,10000,10.31,13195.41,20.0203
2025-01-23T13:35:00,binance,coinbase,101654.2,102010.43,10000,14.98,13210.4,20.025
2025-01-23T15:05:00,coinbase,binance,103486.73,103840.2,10000,14.1,13224.5,20.0241
2025-01-23T15:20:00,binance,coinbase,103748.72,104134.49,10000,17.12,13241.61,20.0271
2025-01-23T15:25:00,binance,coinbase,103825.83,104180.13,10000,14.07,13255.68,20.0241
2025-01-23T15:30:00,binance,coinbase,104231.0,104723.98,10000,27.21,13282.89,20.0372
2025-01-23T15:40:00,binance,coinbase,104660.01,105049.53,10000,17.15,13300.05,20.0272
2025-01-23T17:30:00,binance,coinbase,105147.55,105504.0,10000,13.84,13313.89,20.0239
2025-01-23T17:45:00,binance,coinbase,105523.6,105922.48,10000,17.73,13331.62,20.0278
2025-01-23T17:55:00,binance,coinbase,105546.64,105957.45,10000,18.85,13350.48,20.0289
2025-01-23T18:00:00,binance,coinbase,105776.54,106155.87,10000,15.8,13366.28,20.0258
2025-01-23T18:30:00,binance,coinbase,105466.03,105848.53,10000,16.21,13382.48,20.0262
2025-01-23T19:05:00,binance,coinbase,104863.82,105262.46,10000,17.95,13400.43,20.028
2025-01-23T19:15:00,coinbase,binance,104571.02,104963.76,10000,17.49,13417.92,20.0275
2025-01-23T19:25:00,binance,coinbase,104586.18,104938.13,10000,13.59,13431.52,20.0236
2025-01-23T22:10:00,binance,coinbase,103374.81,103711.19,10000,12.48,13444.0,20.0225
2025-01-24T00:10:00,coinbase,binance,103831.66,104188.4,10000,14.3,13458.3,20.0243
2025-01-24T03:35:00,binance,coinbase,103899.74,104247.24,10000,13.39,13471.69,20.0234
2025-01-24T04:35:00,binance,coinbase,103910.87,104245.9,10000,12.19,13483.88,20.0222
2025-01-24T04:40:00,binance,coinbase,104072.42,104412.16,10000,12.59,13496.47,20.0226
2025-01-24T05:30:00,binance,coinbase,104647.49,104963.93,10000,10.19,13506.65,20.0202
2025-01-24T05:55:00,binance,coinbase,104837.05,105213.47,10000,15.84,13522.5,20.0259
2025-01-24T08:10:00,binance,coinbase,104880.12,105237.28,10000,14.0,13536.49,20.024
2025-01-24T08:15:00,binance,coinbase,104880.12,105240.4,10000,14.29,13550.79,20.0243
2025-01-24T15:20:00,binance,coinbase,105556.1,105981.02,10000,20.18,13570.97,20.0302
2025-01-24T15:30:00,binance,coinbase,105488.19,105830.04,10000,12.35,13583.32,20.0224
2025-01-24T15:35:00,binance,coinbase,105510.89,105857.67,10000,12.81,13596.13,20.0228
2025-01-24T15:50:00,binance,coinbase,105491.35,105931.69,10000,21.67,13617.8,20.0317
2025-01-24T17:20:00,binance,coinbase,105985.17,106354.38,10000,14.78,13632.58,20.0248
2025-01-24T18:00:00,binance,coinbase,106574.97,106982.09,10000,18.13,13650.71,20.0282
2025-01-24T18:10:00,binance,coinbase,106380.26,106723.07,10000,12.17,13662.88,20.0222
2025-01-24T18:15:00,binance,coinbase,106607.3,106952.95,10000,12.37,13675.25,20.0224
2025-01-24T23:00:00,coinbase,binance,104549.95,104878.33,10000,11.36,13686.61,20.0214
2025-01-27T11:35:00,coinbase,binance,98938.04,99240.0,10000,10.47,13697.08,20.0205
2025-01-27T22:20:00,coinbase,binance,101331.81,101664.76,10000,12.8,13709.88,20.0228
2025-01-28T00:00:00,binance,coinbase,102162.53,102527.39,10000,15.65,13725.53,20.0257
2025-01-28T00:05:00,binance,coinbase,102456.65,102864.98,10000,19.78,13745.32,20.0298
2025-01-28T12:15:00,coinbase,binance,102631.08,102957.07,10000,11.71,13757.03,20.0217
2025-01-28T13:05:00,binance,coinbase,102466.54,102799.99,10000,12.49,13769.51,20.0225
2025-01-28T13:10:00,binance,coinbase,102512.62,102888.72,10000,16.62,13786.14,20.0267
2025-01-28T15:05:00,coinbase,binance,102849.91,103219.95,10000,15.92,13802.05,20.0259
2025-01-28T15:20:00,binance,coinbase,102715.46,103096.7,10000,17.05,13819.11,20.0271
2025-01-28T16:20:00,coinbase,binance,102150.87,102490.01,10000,13.14,13832.25,20.0232
2025-01-28T17:35:00,coinbase,binance,102662.28,103002.42,10000,13.08,13845.33,20.0231
2025-01-28T20:15:00,coinbase,binance,102080.67,102416.99,10000,12.89,13858.22,20.0229
2025-01-28T22:50:00,coinbase,binance,100945.52,101264.81,10000,11.58,13869.79,20.0216
2025-01-29T19:40:00,binance,coinbase,103100.95,103447.08,10000,13.51,13883.31,20.0235
2025-01-29T20:05:00,binance,coinbase,102860.11,103249.39,10000,17.78,13901.09,20.0278
2025-01-31T18:55:00,coinbase,binance,102565.23,102927.68,10000,15.28,13916.37,20.0253
2025-02-02T03:20:00,coinbase,binance,99684.21,100000.0,10000,11.63,13927.99,20.0216
2025-02-02T17:45:00,coinbase,binance,97436.69,97730.51,10000,10.1,13938.1,20.0201
2025-02-02T18:00:00,coinbase,binance,97307.87,97631.7,10000,13.22,13951.32,20.0232
2025-02-03T00:40:00,coinbase,binance,95668.34,96000.01,10000,14.61,13965.93,20.0246
2025-02-03T01:30:00,coinbase,binance,95045.66,95446.43,10000,22.09,13988.02,20.0321
2025-02-03T01:35:00,coinbase,binance,94515.16,95000.0,10000,31.21,14019.22,20.0412
2025-02-03T02:00:00,coinbase,binance,92947.84,93278.89,10000,15.56,14034.78,20.0256
2025-02-03T02:05:00,binance,coinbase,92543.08,93052.18,10000,34.91,14069.69,20.045
2025-02-03T02:25:00,coinbase,binance,93894.66,94385.5,10000,32.18,14101.87,20.0422
2025-02-03T02:45:00,coinbase,binance,93731.79,94070.08,10000,16.03,14117.9,20.0261
2025-02-03T03:50:00,coinbase,binance,93952.57,94252.76,10000,11.9,14129.8,20.0219
2025-02-03T04:00:00,binance,coinbase,93962.26,94382.56,10000,24.65,14154.45,20.0347
2025-02-03T04:45:00,binance,coinbase,92928.61,93212.57,10000,10.51,14164.96,20.0205
2025-02-03T15:15:00,binance,coinbase,96820.1,97114.72,10000,10.38,14175.34,20.0204
2025-02-03T15:45:00,binance,coinbase,98973.54,99374.02,10000,20.39,14195.73,20.0304
2025-02-03T16:10:00,binance,coinbase,98210.29,98645.67,10000,24.25,14219.98,20.0343
2025-02-03T16:20:00,binance,coinbase,98480.87,99029.44,10000,35.6,14255.58,20.0456
2025-02-03T16:35:00,binance,coinbase,98659.76,98994.02,10000,13.82,14269.4,20.0238
2025-02-03T17:10:00,binance,coinbase,98344.37,98644.43,10000,10.46,14279.87,20.0205
2025-02-03T19:40:00,binance,coinbase,101058.87,101401.97,10000,13.89,14293.76,20.0239
2025-02-03T19:55:00,binance,coinbase,101785.71,102094.44,10000,10.28,14304.04,20.0203
2025-02-03T20:20:00,binance,coinbase,101638.01,102056.0,10000,21.05,14325.09,20.0311
2025-02-03T20:25:00,binance,coinbase,101530.0,101885.57,10000,14.96,14340.05,20.025
2025-02-03T20:50:00,binance,coinbase,101400.7,101717.02,10000,11.14,14351.2,20.0212
2025-02-04T00:30:00,binance,coinbase,101304.35,101629.97,10000,12.09,14363.28,20.0221
2025-02-04T05:25:00,binance,coinbase,98475.53,98934.37,10000,26.51,14389.8,20.0365
2025-02-04T05:40:00,binance,coinbase,98501.95,98851.0,10000,15.38,14405.17,20.0254
2025-02-04T08:45:00,binance,coinbase,97992.07,98295.24,10000,10.89,14416.06,20.0209
2025-02-04T12:50:00,binance,coinbase,99220.92,99522.79,10000,10.37,14426.43,20.0204
2025-02-04T14:50:00,binance,coinbase,99828.51,100134.52,10000,10.6,14437.03,20.0206
2025-02-04T19:00:00,binance,coinbase,99360.68,99663.86,10000,10.46,14447.49,20.0205
2025-02-04T19:10:00,binance,coinbase,99742.51,100044.12,10000,10.19,14457.68,20.0202
2025-02-05T20:40:00,coinbase,binance,96937.04,97278.6,10000,15.17,14472.86,20.0252
2025-02-07T13:40:00,binance,coinbase,98017.73,98362.99,10000,15.16,14488.02,20.0252
2025-02-07T14:35:00,binance,coinbase,99351.62,99690.1,10000,14.01,14502.03,20.024
2025-02-12T13:35:00,coinbase,binance,94180.04,94524.18,10000,16.48,14518.51,20.0265
2025-02-13T07:00:00,binance,coinbase,95818.91,96115.0,10000,10.85,14529.36,20.0209
2025-02-18T01:10:00,binance,coinbase,95677.54,95970.99,10000,10.62,14539.98,20.0206
2025-02-18T01:15:00,binance,coinbase,95677.54,96054.58,10000,19.34,14559.32,20.0294
2025-02-18T01:20:00,binance,coinbase,95677.54,96087.55,10000,22.78,14582.09,20.0328
2025-02-18T16:15:00,binance,coinbase,95261.86,95600.45,10000,15.48,14597.58,20.0255
2025-02-21T09:15:00,binance,coinbase,98537.23,98905.39,10000,17.3,14614.87,20.0273
2025-02-21T12:30:00,binance,coinbase,98549.65,98916.47,10000,17.16,14632.03,20.0272
2025-02-21T12:50:00,binance,coinbase,98586.74,98955.31,10000,17.32,14649.35,20.0273
2025-02-21T14:35:00,coinbase,binance,98443.87,98781.42,10000,14.23,14663.58,20.0243
2025-02-21T15:40:00,binance,coinbase,97219.19,97603.66,10000,19.48,14683.06,20.0295
2025-02-21T16:10:00,binance,coinbase,98271.85,98639.27,10000,17.32,14700.38,20.0274
2025-02-21T16:20:00,binance,coinbase,98209.77,98520.63,10000,11.6,14711.98,20.0216
2025-02-21T16:25:00,coinbase,binance,98310.88,98644.08,10000,13.83,14725.82,20.0239
2025-02-21T18:50:00,coinbase,binance,96652.0,97028.03,10000,18.84,14744.66,20.0289
2025-02-21T19:15:00,coinbase,binance,96066.68,96447.42,10000,19.56,14764.22,20.0296
2025-02-21T19:40:00,coinbase,binance,95374.67,95754.6,10000,19.77,14783.98,20.0298
2025-02-21T19:45:00,coinbase,binance,95210.68,95623.21,10000,23.25,14807.24,20.0333
2025-02-21T20:10:00,coinbase,binance,95226.45,95597.82,10000,18.93,14826.17,20.029
2025-02-21T20:15:00,coinbase,binance,95266.38,95583.84,10000,13.27,14839.43,20.0233
2025-02-21T20:20:00,coinbase,binance,95123.58,95489.79,10000,18.43,14857.87,20.0285
2025-02-21T20:45:00,coinbase,binance,95126.73,95545.26,10000,23.92,14881.78,20.034
2025-02-21T20:50:00,coinbase,binance,94951.32,95427.82,10000,30.09,14911.88,20.0401
2025-02-21T20:55:00,coinbase,binance,94937.7,95324.14,10000,20.63,14932.51,20.0307
2025-02-21T21:25:00,coinbase,binance,94986.95,95380.08,10000,21.32,14953.83,20.0313
2025-02-21T21:30:00,coinbase,binance,94988.14,95379.63,10000,21.14,14974.97,20.0312
2025-02-22T02:35:00,binance,coinbase,96113.56,96406.32,10000,10.41,14985.38,20.0204
2025-02-24T15:45:00,coinbase,binance,93922.84,94249.03,10000,14.67,15000.05,20.0247
2025-02-24T16:15:00,coinbase,binance,94481.92,94841.43,10000,17.98,15018.03,20.028
2025-02-25T00:45:00,binance,coinbase,91589.31,91901.92,10000,14.07,15032.11,20.0241
2025-02-25T06:30:00,coinbase,binance,91505.31,91848.98,10000,17.49,15049.6,20.0275
2025-02-25T06:55:00,coinbase,binance,91263.16,91544.57,10000,10.78,15060.38,20.0208
2025-02-25T07:00:00,coinbase,binance,91244.07,91539.68,10000,12.34,15072.72,20.0224
2025-02-25T07:20:00,coinbase,binance,89691.22,90000.0,10000,14.37,15087.09,20.0244
2025-02-25T07:30:00,coinbase,binance,89000.0,89461.72,10000,31.78,15118.88,20.0418
2025-02-25T09:25:00,coinbase,binance,88598.05,88956.95,10000,20.44,15139.31,20.0305
2025-02-25T15:15:00,coinbase,binance,86445.52,86785.86,10000,19.3,15158.62,20.0293
2025-02-25T15:25:00,coinbase,binance,86452.73,86792.12,10000,19.19,15177.81,20.0292
2025-02-25T15:30:00,coinbase,binance,86068.77,86435.18,10000,22.5,15200.3,20.0325
2025-02-25T16:10:00,coinbase,binance,86989.37,87288.0,10000,14.27,15214.57,20.0243
2025-02-25T16:25:00,coinbase,binance,86239.46,86593.43,10000,20.97,15235.55,20.031
2025-02-25T18:05:00,coinbase,binance,87304.4,87613.28,10000,15.32,15250.86,20.0253
2025-02-25T18:15:00,coinbase,binance,86963.95,87238.47,10000,11.51,15262.38,20.0215
2025-02-25T18:20:00,coinbase,binance,87126.17,87449.42,10000,17.04,15279.42,20.0271
2025-02-25T19:10:00,coinbase,binance,86579.2,86867.21,10000,13.21,15292.63,20.0232
2025-02-25T20:10:00,coinbase,binance,87718.99,87994.67,10000,11.37,15304.0,20.0214
2025-02-26T00:05:00,coinbase,binance,88419.82,88720.65,10000,13.96,15317.96,20.024
2025-02-26T00:15:00,coinbase,binance,88198.02,88488.49,10000,12.88,15330.84,20.0229
2025-02-26T00:40:00,coinbase,binance,88093.46,88376.6,10000,12.09,15342.93,20.0221
2025-02-26T11:25:00,coinbase,binance,88887.53,89238.74,10000,19.44,15362.37,20.0295
2025-02-26T13:10:00,coinbase,binance,87632.71,87903.07,10000,10.8,15373.17,20.0208
2025-02-26T13:15:00,coinbase,binance,87457.86,87746.37,10000,12.93,15386.1,20.023
2025-02-26T14:15:00,coinbase,binance,86127.79,86466.5,10000,19.26,15405.36,20.0293
2025-02-26T14:20:00,coinbase,binance,85504.73,85786.36,10000,12.88,15418.24,20.0229
2025-02-26T14:30:00,coinbase,binance,85846.74,86192.69,10000,20.23,15438.47,20.0303
2025-02-26T15:35:00,coinbase,binance,87841.78,88109.24,10000,10.4,15448.87,20.0204
2025-02-26T17:15:00,coinbase,binance,86760.06,87193.04,10000,29.82,15478.68,20.0399
2025-02-26T19:15:00,coinbase,binance,84737.97,84997.98,10000,10.63,15489.32,20.0207
2025-02-26T19:25:00,coinbase,binance,84200.0,84637.08,10000,31.82,15521.13,20.0419
2025-02-26T19:35:00,coinbase,binance,84054.01,84329.57,10000,12.73,15533.86,20.0228
2025-02-26T19:45:00,coinbase,binance,83975.72,84240.47,10000,11.47,15545.34,20.0215
2025-02-26T20:15:00,coinbase,binance,82237.93,82552.22,10000,18.15,15563.49,20.0282
2025-02-26T20:25:00,coinbase,binance,83382.45,83792.14,10000,29.05,15592.53,20.0391
2025-02-26T21:15:00,coinbase,binance,84091.35,84535.94,10000,32.77,15625.31,20.0428
2025-02-26T21:25:00,coinbase,binance,84338.36,84772.76,10000,31.41,15656.72,20.0415
2025-02-26T21:30:00,coinbase,binance,83830.56,84161.46,10000,19.4,15676.12,20.0294
2025-02-26T21:35:00,coinbase,binance,84017.42,84323.65,10000,16.39,15692.51,20.0264
2025-02-26T21:40:00,coinbase,binance,83640.79,84162.82,10000,42.3,15734.81,20.0524
2025-02-26T21:45:00,coinbase,binance,83660.18,84015.27,10000,22.37,15757.18,20.0324
2025-02-26T22:10:00,coinbase,binance,84729.84,85184.02,10000,33.51,15790.68,20.0435
2025-02-26T22:30:00,coinbase,binance,84170.17,84499.01,10000,19.0,15809.68,20.029
2025-02-26T22:55:00,coinbase,binance,84307.1,84745.51,10000,31.91,15841.59,20.0419
2025-02-26T23:15:00,coinbase,binance,84174.3,84503.21,10000,19.01,15860.6,20.029
2025-02-26T23:45:00,coinbase,binance,83836.95,84178.07,10000,20.62,15881.22,20.0306
2025-02-27T00:20:00,coinbase,binance,84232.46,84613.39,10000,25.14,15906.36,20.0352
2025-02-27T01:55:00,coinbase,binance,84624.84,84905.96,10000,13.16,15919.52,20.0232
2025-02-27T02:25:00,coinbase,binance,84806.69,85074.65,10000,11.54,15931.06,20.0216
2025-02-27T02:40:00,coinbase,binance,84423.19,84680.35,10000,10.41,15941.47,20.0204
2025-02-27T16:20:00,coinbase,binance,85082.35,85380.32,10000,14.96,15956.44,20.025
2025-02-27T17:05:00,coinbase,binance,84371.13,84665.45,10000,14.82,15971.26,20.0248
2025-02-27T18:25:00,coinbase,binance,84430.36,84719.94,10000,14.24,15985.5,20.0243
2025-02-27T20:20:00,coinbase,binance,82929.02,83248.85,10000,18.5,16004.0,20.0285
2025-02-27T20:50:00,coinbase,binance,83480.09,83759.94,10000,13.47,16017.47,20.0235
2025-02-27T20:55:00,coinbase,binance,83358.53,83675.01,10000,17.9,16035.37,20.0279
2025-02-27T21:25:00,coinbase,binance,83820.91,84082.26,10000,11.13,16046.49,20.0211
2025-02-27T22:25:00,coinbase,binance,83927.54,84198.13,10000,12.19,16058.68,20.0222
2025-02-28T00:40:00,coinbase,binance,84389.45,84668.05,10000,12.96,16071.64,20.023
2025-02-28T03:00:00,binance,coinbase,80952.69,81208.36,10000,11.53,16083.17,20.0216
2025-02-28T04:00:00,coinbase,binance,79600.0,79840.76,10000,10.2,16093.36,20.0202
2025-02-28T04:05:00,coinbase,binance,79960.62,80246.5,10000,15.69,16109.05,20.0257
2025-02-28T04:25:00,coinbase,binance,80238.59,80521.64,10000,15.22,16124.27,20.0252
2025-02-28T04:30:00,coinbase,binance,79818.14,80065.3,10000,10.91,16135.18,20.0209
2025-02-28T05:00:00,coinbase,binance,80258.49,80543.49,10000,15.45,16150.63,20.0255
2025-02-28T05:05:00,coinbase,binance,79826.3,80183.91,10000,24.72,16175.35,20.0348
2025-02-28T05:30:00,coinbase,binance,79531.96,79870.97,10000,22.55,16197.9,20.0326
2025-02-28T06:20:00,coinbase,binance,79285.96,79589.99,10000,18.28,16216.18,20.0283
2025-02-28T06:45:00,coinbase,binance,79171.93,79431.38,10000,12.71,16228.9,20.0227
2025-02-28T06:55:00,coinbase,binance,79240.95,79662.9,10000,33.15,16262.05,20.0432
2025-02-28T07:10:00,coinbase,binance,79631.7,79956.77,10000,20.75,16282.8,20.0308
2025-02-28T08:05:00,coinbase,binance,79193.59,79449.46,10000,12.25,16295.05,20.0223
2025-02-28T08:15:00,coinbase,binance,78460.43,78802.82,10000,23.56,16318.61,20.0336
2025-02-28T08:20:00,coinbase,binance,78405.25,78727.13,10000,20.98,16339.6,20.031
2025-02-28T08:35:00,coinbase,binance,78792.17,79140.45,10000,24.12,16363.72,20.0342
2025-02-28T09:10:00,coinbase,binance,79100.98,79358.25,10000,12.47,16376.19,20.0225
2025-02-28T09:40:00,coinbase,binance,80065.46,80386.59,10000,20.04,16396.23,20.0301
2025-02-28T10:00:00,coinbase,binance,80089.8,80400.0,10000,18.66,16414.89,20.0287
2025-02-28T10:25:00,binance,coinbase,79593.92,79907.28,10000,19.3,16434.19,20.0293
2025-02-28T10:50:00,coinbase,binance,79963.95,80246.3,10000,15.25,16449.44,20.0253
2025-02-28T12:25:00,coinbase,binance,80144.77,80531.4,10000,28.16,16477.6,20.0382
2025-02-28T13:15:00,coinbase,binance,80820.34,81127.76,10000,17.97,16495.57,20.028
2025-02-28T13:20:00,coinbase,binance,80819.04,81127.76,10000,18.13,16513.7,20.0282
2025-02-28T13:35:00,coinbase,binance,81283.71,81675.63,10000,28.13,16541.83,20.0382
2025-02-28T15:20:00,binance,coinbase,83696.03,84003.99,10000,16.73,16558.56,20.0268
2025-02-28T15:25:00,binance,coinbase,84028.12,84327.62,10000,15.58,16574.14,20.0256
2025-02-28T16:50:00,binance,coinbase,84274.35,84596.6,10000,18.17,16592.32,20.0282
2025-02-28T16:55:00,coinbase,binance,84354.83,84637.18,10000,13.41,16605.73,20.0234
2025-02-28T17:00:00,coinbase,binance,84133.08,84395.05,10000,11.09,16616.82,20.0211
2025-02-28T17:45:00,coinbase,binance,83572.52,83838.25,10000,11.74,16628.56,20.0218
2025-02-28T17:55:00,coinbase,binance,83592.08,83927.96,10000,20.11,16648.67,20.0301
2025-02-28T20:30:00,coinbase,binance,83568.78,83937.76,10000,24.07,16672.74,20.0341
2025-02-28T21:00:00,coinbase,binance,84056.41,84356.41,10000,15.63,16688.37,20.0257
2025-02-28T22:20:00,coinbase,binance,84115.09,84439.78,10000,18.53,16706.91,20.0286
2025-02-28T22:25:00,coinbase,binance,84121.75,84386.2,10000,11.38,16718.29,20.0214
2025-02-28T22:50:00,coinbase,binance,83932.67,84234.65,10000,15.92,16734.21,20.0259
2025-03-01T00:20:00,coinbase,binance,84348.66,84605.44,10000,10.39,16744.6,20.0204
2025-03-01T00:40:00,coinbase,binance,84112.1,84393.71,10000,13.42,16758.02,20.0234
2025-03-01T00:45:00,coinbase,binance,84012.48,84329.46,10000,17.66,16775.69,20.0277
2025-03-01T00:55:00,coinbase,binance,83811.74,84128.05,10000,17.68,16793.36,20.0277
2025-03-01T02:00:00,coinbase,binance,84403.08,84678.43,10000,12.57,16805.93,20.0226
2025-03-01T02:05:00,coinbase,binance,84378.6,84678.43,10000,15.47,16821.4,20.0255
2025-03-01T03:05:00,coinbase,binance,85003.83,85374.64,10000,23.55,16844.95,20.0336
2025-03-01T03:10:00,coinbase,binance,85000.21,85374.64,10000,23.97,16868.92,20.034
2025-03-01T03:25:00,coinbase,binance,84994.74,85253.26,10000,10.37,16879.29,20.0204
2025-03-01T03:40:00,coinbase,binance,85149.18,85483.91,10000,19.24,16898.53,20.0293
2025-03-01T04:45:00,coinbase,binance,86162.16,86549.41,10000,24.86,16923.39,20.0349
2025-03-01T06:25:00,coinbase,binance,85236.9,85526.56,10000,13.93,16937.32,20.0239
2025-03-01T06:30:00,coinbase,binance,84850.95,85203.61,10000,21.49,16958.81,20.0315
2025-03-01T07:05:00,coinbase,binance,84888.0,85145.04,10000,10.23,16969.04,20.0202
2025-03-01T07:35:00,coinbase,binance,84742.79,85043.92,10000,15.47,16984.51,20.0255
2025-03-01T15:30:00,coinbase,binance,84568.47,84847.17,10000,12.9,16997.41,20.0229
2025-03-02T08:00:00,coinbase,binance,86037.39,86306.98,10000,11.28,17008.69,20.0213
2025-03-02T14:35:00,coinbase,binance,85139.19,85467.24,10000,18.46,17027.15,20.0285
2025-03-02T16:05:00,binance,coinbase,87558.67,87838.57,10000,11.91,17039.07,20.0219
2025-03-02T16:10:00,binance,coinbase,87840.74,88217.3,10000,22.79,17061.86,20.0328
2025-03-02T16:40:00,binance,coinbase,91344.22,91678.29,10000,16.51,17078.37,20.0265
2025-03-02T17:00:00,coinbase,binance,90882.04,91221.57,10000,17.29,17095.66,20.0273
2025-03-02T17:15:00,binance,coinbase,92015.59,92509.24,10000,33.55,17129.22,20.0436
2025-03-02T18:30:00,coinbase,binance,92958.28,93310.11,10000,17.78,17147.0,20.0278
2025-03-02T21:45:00,coinbase,binance,93705.44,93999.79,10000,11.36,17158.36,20.0214
2025-03-03T09:00:00,binance,coinbase,91188.61,91568.31,10000,21.57,17179.92,20.0316
2025-03-03T15:00:00,binance,coinbase,89889.97,90206.42,10000,15.14,17195.07,20.0252
2025-03-03T15:55:00,coinbase,binance,89962.96,90280.46,10000,15.23,17210.3,20.0253
2025-03-03T16:25:00,coinbase,binance,90205.67,90670.68,10000,31.46,17241.76,20.0415
2025-03-03T16:30:00,coinbase,binance,89914.54,90298.06,10000,22.58,17264.33,20.0326
2025-03-03T16:50:00,coinbase,binance,90040.5,90312.42,10000,10.15,17274.48,20.0202
2025-03-03T16:55:00,coinbase,binance,90083.33,90367.47,10000,11.49,17285.97,20.0215
2025-03-03T17:10:00,coinbase,binance,90092.15,90368.32,10000,10.6,17296.58,20.0206
2025-03-03T17:15:00,binance,coinbase,90043.06,90352.74,10000,14.33,17310.91,20.0244
2025-03-03T19:35:00,binance,coinbase,86808.65,87091.11,10000,12.48,17323.39,20.0225
2025-03-03T19:50:00,coinbase,binance,85845.83,86203.05,10000,21.54,17344.93,20.0316
2025-03-03T20:30:00,coinbase,binance,85868.55,86278.19,10000,27.62,17372.55,20.0377
2025-03-03T20:35:00,coinbase,binance,85302.53,85672.79,10000,23.33,17395.88,20.0334
2025-03-03T21:40:00,coinbase,binance,86178.92,86465.89,10000,13.24,17409.12,20.0233
2025-03-03T22:55:00,coinbase,binance,86579.45,86907.98,10000,17.88,17427.0,20.0279
2025-03-03T23:25:00,coinbase,binance,86435.48,86735.79,10000,14.68,17441.69,20.0247
2025-03-04T00:05:00,coinbase,binance,86085.88,86502.41,10000,28.3,17469.99,20.0383
2025-03-04T00:40:00,coinbase,binance,85944.39,86229.23,10000,13.09,17483.07,20.0231
2025-03-04T01:15:00,coinbase,binance,85522.15,85901.75,10000,24.31,17507.38,20.0343
2025-03-04T01:35:00,coinbase,binance,84293.91,84983.0,10000,61.6,17568.97,20.0717
2025-03-04T01:40:00,coinbase,binance,83489.59,83879.68,10000,26.64,17595.61,20.0367
2025-03-04T01:45:00,coinbase,binance,82762.28,83121.61,10000,23.34,17618.95,20.0334
2025-03-04T02:20:00,coinbase,binance,82933.93,83263.4,10000,19.66,17638.61,20.0297
2025-03-04T04:30:00,coinbase,binance,83694.72,83970.63,10000,12.91,17651.52,20.0229
2025-03-04T04:55:00,coinbase,binance,83357.02,83720.22,10000,23.49,17675.02,20.0335
2025-03-04T06:10:00,coinbase,binance,83992.07,84321.87,10000,19.2,17694.21,20.0292
2025-03-04T08:25:00,coinbase,binance,83545.1,83836.61,10000,14.83,17709.05,20.0249
2025-03-04T08:45:00,coinbase,binance,83402.58,83836.57,10000,31.94,17740.99,20.042
2025-03-04T09:20:00,coinbase,binance,83669.99,84076.61,10000,28.51,17769.5,20.0385
2025-03-04T09:50:00,coinbase,binance,83817.15,84131.61,10000,17.45,17786.95,20.0275
2025-03-04T10:05:00,coinbase,binance,83599.99,83884.95,10000,14.03,17800.98,20.0241
2025-03-04T10:15:00,coinbase,binance,83468.06,83840.06,10000,24.49,17825.47,20.0345
2025-03-04T10:20:00,coinbase,binance,83520.75,83809.43,10000,14.5,17839.97,20.0245
2025-03-04T11:00:00,coinbase,binance,83824.47,84096.03,10000,12.34,17852.31,20.0224
2025-03-04T12:05:00,coinbase,binance,83623.31,83973.68,10000,21.82,17874.14,20.0319
2025-03-04T12:20:00,coinbase,binance,83335.65,83674.58,10000,20.6,17894.74,20.0306
2025-03-04T12:25:00,coinbase,binance,83332.87,83622.19,10000,14.66,17909.4,20.0247
2025-03-04T12:50:00,coinbase,binance,83657.92,83933.25,10000,12.86,17922.25,20.0229
2025-03-04T13:10:00,coinbase,binance,83211.77,83479.21,10000,12.09,17934.34,20.0221
2025-03-04T14:20:00,coinbase,binance,82819.18,83110.84,10000,15.16,17949.49,20.0252
2025-03-04T14:25:00,coinbase,binance,82722.72,83110.84,10000,26.83,17976.33,20.0369
2025-03-04T15:10:00,coinbase,binance,82687.96,83012.91,10000,19.23,17995.56,20.0293
2025-03-04T15:25:00,coinbase,binance,82297.02,82546.66,10000,10.28,18005.84,20.0203
2025-03-04T17:10:00,binance,coinbase,83575.83,83831.62,10000,10.55,18016.4,20.0206
2025-03-04T17:15:00,binance,coinbase,84114.09,84477.91,10000,23.18,18039.57,20.0332
2025-03-04T17:20:00,coinbase,binance,84293.24,84578.82,10000,13.82,18053.4,20.0238
2025-03-04T17:55:00,binance,coinbase,85152.22,85418.77,10000,11.25,18064.65,20.0213
2025-03-04T18:05:00,binance,coinbase,85498.27,85777.85,10000,12.64,18077.29,20.0227
2025-03-04T19:00:00,binance,coinbase,87073.05,87408.7,10000,18.48,18095.77,20.0285
2025-03-04T20:55:00,coinbase,binance,86813.52,87087.83,10000,11.54,18107.32,20.0216
2025-03-04T21:05:00,coinbase,binance,86876.33,87149.85,10000,11.43,18118.75,20.0215
2025-03-04T21:35:00,coinbase,binance,87793.16,88208.74,10000,27.25,18146.0,20.0373
2025-03-04T21:50:00,coinbase,binance,87574.19,87873.25,10000,14.09,18160.09,20.0241
2025-03-05T03:50:00,coinbase,binance,87366.92,87691.15,10000,17.05,18177.14,20.0271
2025-03-05T03:55:00,coinbase,binance,86810.0,87169.95,10000,21.39,18198.53,20.0314
2025-03-05T04:30:00,coinbase,binance,86920.77,87221.78,10000,14.57,18213.1,20.0246
2025-03-05T04:50:00,coinbase,binance,86885.45,87163.27,10000,11.92,18225.02,20.0219
2025-03-05T04:55:00,coinbase,binance,86891.31,87163.27,10000,11.25,18236.27,20.0213
2025-03-05T13:35:00,coinbase,binance,89630.56,89975.94,10000,18.47,18254.73,20.0285
2025-03-05T14:25:00,binance,coinbase,89298.11,89736.54,10000,29.01,18283.74,20.039
2025-03-05T14:40:00,coinbase,binance,89346.0,89690.83,10000,18.53,18302.27,20.0286
2025-03-05T15:20:00,coinbase,binance,88322.82,88590.21,10000,10.22,18312.49,20.0202
2025-03-05T16:05:00,coinbase,binance,88046.48,88450.37,10000,25.79,18338.28,20.0358
2025-03-05T16:15:00,coinbase,binance,87965.16,88289.65,10000,16.82,18355.11,20.0269
2025-03-05T16:45:00,binance,coinbase,87976.43,88263.71,10000,12.6,18367.71,20.0226
2025-03-05T16:55:00,coinbase,binance,88894.25,89171.44,10000,11.13,18378.84,20.0212
2025-03-05T17:05:00,binance,coinbase,88852.5,89131.02,10000,11.29,18390.13,20.0213
2025-03-05T17:20:00,binance,coinbase,89353.29,89702.05,10000,18.96,18409.1,20.029
2025-03-05T17:30:00,binance,coinbase,90065.93,90386.66,10000,15.55,18424.64,20.0256
2025-03-05T17:45:00,binance,coinbase,89417.77,89689.58,10000,10.35,18434.99,20.0204
2025-03-05T18:15:00,coinbase,binance,89160.52,89437.35,10000,11.0,18445.99,20.021
2025-03-05T18:40:00,coinbase,binance,89038.62,89360.7,10000,16.11,18462.1,20.0261
2025-03-05T19:00:00,binance,coinbase,89693.47,90004.84,10000,14.66,18476.75,20.0247
2025-03-05T20:30:00,binance,coinbase,89813.99,90199.1,10000,22.8,18499.56,20.0328
2025-03-05T20:40:00,binance,coinbase,89909.78,90347.37,10000,28.58,18528.14,20.0386
2025-03-05T20:45:00,binance,coinbase,89909.78,90393.3,10000,33.68,18561.82,20.0437
2025-03-05T21:05:00,binance,coinbase,90117.35,90463.76,10000,18.37,18580.19,20.0284
2025-03-05T21:25:00,binance,coinbase,90000.0,90285.82,10000,11.7,18591.9,20.0217
2025-03-05T21:55:00,binance,coinbase,89975.92,90365.37,10000,23.21,18615.11,20.0332
2025-03-05T22:55:00,binance,coinbase,89977.98,90445.2,10000,31.83,18646.94,20.0419
2025-03-05T23:55:00,binance,coinbase,90301.74,90603.73,10000,13.39,18660.32,20.0234
2025-03-06T01:10:00,binance,coinbase,90004.29,90421.58,10000,26.28,18686.6,20.0363
2025-03-06T01:15:00,binance,coinbase,90011.44,90326.61,10000,14.95,18701.56,20.025
2025-03-06T02:30:00,coinbase,binance,91164.98,91454.16,10000,11.67,18713.23,20.0217
2025-03-06T02:50:00,binance,coinbase,91655.46,91946.63,10000,11.71,18724.94,20.0217
2025-03-06T03:45:00,coinbase,binance,91420.79,91773.82,10000,18.55,18743.49,20.0286
2025-03-06T03:50:00,coinbase,binance,91426.44,91773.82,10000,17.93,18761.42,20.028
2025-03-06T07:45:00,coinbase,binance,91450.91,91741.07,10000,11.68,18773.09,20.0217
2025-03-06T10:35:00,coinbase,binance,91246.6,91570.37,10000,15.42,18788.51,20.0254
2025-03-07T00:20:00,binance,coinbase,87060.85,87350.02,10000,13.16,18801.67,20.0232
2025-03-07T00:40:00,coinbase,binance,85888.5,86232.75,10000,20.01,18821.68,20.03
2025-03-07T00:55:00,binance,coinbase,85253.5,85515.27,10000,10.65,18832.34,20.0207
2025-03-07T01:10:00,binance,coinbase,86188.35,86501.12,10000,16.23,18848.56,20.0263
2025-03-07T01:30:00,coinbase,binance,86879.0,87211.72,10000,18.23,18866.79,20.0283
2025-03-07T01:55:00,binance,coinbase,87845.89,88257.8,10000,26.81,18893.6,20.0368
2025-03-07T02:05:00,coinbase,binance,88087.85,88354.64,10000,10.24,18903.84,20.0203
2025-03-07T02:40:00,coinbase,binance,87836.26,88167.82,10000,17.68,18921.52,20.0277
2025-03-07T15:00:00,binance,coinbase,90361.61,90688.1,10000,16.07,18937.59,20.0261
2025-03-07T15:35:00,coinbase,binance,88252.49,88553.21,10000,14.02,18951.61,20.024
2025-03-07T15:45:00,binance,coinbase,88875.65,89159.59,10000,11.89,18963.5,20.0219
2025-03-07T16:25:00,coinbase,binance,87431.6,87700.82,10000,10.74,18974.24,20.0208
2025-03-07T17:00:00,coinbase,binance,87214.28,87506.43,10000,13.44,18987.68,20.0235
2025-03-07T18:55:00,coinbase,binance,88562.72,88883.83,10000,16.2,19003.88,20.0262
2025-03-07T19:05:00,coinbase,binance,88154.4,88514.65,10000,20.79,19024.67,20.0308
2025-03-07T19:15:00,coinbase,binance,88346.26,88637.55,10000,12.92,19037.59,20.0229
2025-03-07T20:30:00,binance,coinbase,87439.59,87777.21,10000,18.54,19056.13,20.0286
2025-03-07T20:35:00,coinbase,binance,86974.37,87243.46,10000,10.89,19067.02,20.0209
2025-03-07T20:45:00,coinbase,binance,87502.91,87782.89,10000,11.94,19078.96,20.022
2025-03-07T20:50:00,coinbase,binance,88080.47,88351.97,10000,10.77,19089.73,20.0208
2025-03-07T21:40:00,coinbase,binance,86257.98,86539.54,10000,12.59,19102.32,20.0226
2025-03-07T22:05:00,coinbase,binance,85892.89,86155.71,10000,10.55,19112.87,20.0206
2025-03-07T23:20:00,binance,coinbase,86050.0,86331.76,10000,12.69,19125.56,20.0227
2025-03-07T23:50:00,binance,coinbase,86504.76,86800.88,10000,14.17,19139.73,20.0242
2025-03-08T01:05:00,coinbase,binance,86535.63,86905.09,10000,22.62,19162.35,20.0327
2025-03-08T01:15:00,coinbase,binance,86118.39,86458.57,10000,19.43,19181.78,20.0295
2025-03-08T02:25:00,coinbase,binance,85953.44,86269.05,10000,16.66,19198.44,20.0267
2025-03-08T03:05:00,coinbase,binance,85972.6,86266.52,10000,14.13,19212.56,20.0242
2025-03-08T03:15:00,coinbase,binance,85444.37,85819.22,10000,23.79,19236.36,20.0338
2025-03-08T03:35:00,binance,coinbase,85617.09,85934.04,10000,16.96,19253.31,20.027
2025-03-08T12:05:00,coinbase,binance,85798.23,86056.28,10000,10.03,19263.34,20.02
2025-03-10T02:40:00,coinbase,binance,82418.23,82695.63,10000,13.6,19276.94,20.0236
2025-03-10T09:30:00,binance,coinbase,82752.29,83023.56,10000,12.73,19289.67,20.0227
2025-03-10T12:20:00,coinbase,binance,83118.94,83426.03,10000,16.88,19306.55,20.0269
2025-03-10T14:35:00,coinbase,binance,79979.27,80256.57,10000,14.61,19321.16,20.0246
2025-03-10T15:00:00,coinbase,binance,79778.65,80083.28,10000,18.12,19339.28,20.0281
2025-03-10T15:35:00,coinbase,binance,80780.73,81056.14,10000,14.04,19353.31,20.0241
2025-03-10T19:10:00,coinbase,binance,77941.06,78201.54,10000,13.36,19366.68,20.0234
2025-03-10T20:05:00,coinbase,binance,78739.45,78982.68,10000,10.84,19377.51,20.0209
2025-03-10T21:50:00,coinbase,binance,79352.24,79661.32,10000,18.88,19396.4,20.0289
2025-03-11T01:15:00,coinbase,binance,77199.53,77459.59,10000,13.63,19410.03,20.0237
2025-03-11T01:35:00,coinbase,binance,78344.4,78605.0,10000,13.21,19423.23,20.0232
2025-03-11T01:50:00,coinbase,binance,78791.57,79028.58,10000,10.03,19433.26,20.0201
2025-03-11T01:55:00,binance,coinbase,78812.93,79062.37,10000,11.6,19444.86,20.0216
2025-03-11T02:25:00,coinbase,binance,79232.46,79563.21,10000,21.67,19466.53,20.0317
2025-03-11T02:30:00,coinbase,binance,79072.29,79391.93,10000,20.35,19486.88,20.0304
2025-03-11T02:35:00,coinbase,binance,79060.98,79338.83,10000,15.08,19501.97,20.0251
2025-03-11T03:20:00,coinbase,binance,79414.39,79695.0,10000,15.27,19517.24,20.0253
2025-03-11T04:00:00,binance,coinbase,79422.83,79731.34,10000,18.78,19536.02,20.0288
2025-03-11T04:20:00,coinbase,binance,79839.82,80151.42,10000,18.96,19554.98,20.029
2025-03-11T04:35:00,coinbase,binance,79847.59,80178.35,10000,21.35,19576.33,20.0314
2025-03-11T14:20:00,coinbase,binance,80343.15,80742.07,10000,29.56,19605.89,20.0396
2025-03-11T14:30:00,coinbase,binance,79854.02,80181.03,10000,20.88,19626.77,20.0309
2025-03-11T16:05:00,coinbase,binance,81016.24,81407.93,10000,28.26,19655.03,20.0383
2025-03-11T16:10:00,coinbase,binance,80629.09,80879.12,10000,10.96,19665.99,20.021
2025-03-11T19:20:00,coinbase,binance,82871.35,83218.36,10000,21.8,19687.79,20.0318
2025-03-11T20:20:00,coinbase,binance,82679.98,82956.57,10000,13.4,19701.19,20.0234
2025-03-11T20:35:00,coinbase,binance,82726.82,82982.22,10000,10.82,19712.01,20.0208
2025-03-12T01:00:00,binance,coinbase,82636.6,82958.74,10000,18.91,19730.92,20.0289
2025-03-12T02:00:00,coinbase,binance,83014.42,83276.42,10000,11.51,19742.43,20.0215
2025-03-12T04:20:00,coinbase,binance,81862.84,82110.74,10000,10.23,19752.66,20.0203
2025-03-12T04:25:00,coinbase,binance,81844.09,82110.74,10000,12.53,19765.19,20.0225
2025-03-12T04:30:00,coinbase,binance,81783.45,82110.74,10000,19.95,19785.14,20.03
2025-03-12T06:00:00,coinbase,binance,81750.0,82021.33,10000,13.13,19798.27,20.0232
2025-03-12T10:05:00,coinbase,binance,82393.73,82652.52,10000,11.36,19809.63,20.0214
2025-03-12T10:20:00,coinbase,binance,82371.38,82652.52,10000,14.07,19823.7,20.0241
2025-03-12T13:55:00,binance,coinbase,82404.88,82672.79,10000,12.46,19836.15,20.0225
2025-03-12T15:10:00,coinbase,binance,80898.58,81141.77,10000,10.01,19846.17,20.02
2025-03-12T16:25:00,coinbase,binance,81810.87,82157.51,10000,22.3,19868.46,20.0323
2025-03-12T16:30:00,binance,coinbase,81755.4,82065.69,10000,17.89,19886.35,20.0279
2025-03-12T17:45:00,coinbase,binance,82311.73,82587.7,10000,13.47,19899.82,20.0235
2025-03-12T17:55:00,coinbase,binance,81816.36,82077.48,10000,11.86,19911.68,20.0219
2025-03-12T18:05:00,binance,coinbase,81808.12,82053.57,10000,9.95,19921.63,20.02
2025-03-12T18:30:00,binance,coinbase,82327.69,82625.64,10000,16.13,19937.76,20.0262
2025-03-12T21:35:00,coinbase,binance,83068.08,83323.44,10000,10.69,19948.45,20.0207
2025-03-12T21:45:00,coinbase,binance,83026.35,83306.67,10000,13.71,19962.16,20.0237
2025-03-13T12:40:00,binance,coinbase,82726.52,82983.19,10000,10.97,19973.13,20.021
2025-03-13T12:50:00,coinbase,binance,82554.77,82860.25,10000,16.94,19990.07,20.027
2025-03-13T13:00:00,binance,coinbase,82573.81,82828.0,10000,10.73,20000.8,20.0208
2025-03-13T13:55:00,coinbase,binance,81744.41,81993.55,10000,10.43,20011.23,20.0204
2025-03-13T14:05:00,coinbase,binance,81880.94,82135.03,10000,10.98,20022.21,20.021
2025-03-13T14:45:00,coinbase,binance,81912.38,82167.54,10000,11.1,20033.31,20.0211
2025-03-13T15:20:00,binance,coinbase,81522.6,81781.15,10000,11.66,20044.97,20.0217
2025-03-13T15:25:00,coinbase,binance,81550.0,81836.35,10000,15.05,20060.02,20.0251
2025-03-13T15:35:00,coinbase,binance,81054.06,81386.05,10000,20.89,20080.91,20.0309
2025-03-13T15:55:00,coinbase,binance,81013.84,81299.95,10000,15.26,20096.17,20.0253
2025-03-13T16:40:00,coinbase,binance,80985.43,81262.02,10000,14.09,20110.26,20.0241
2025-03-13T17:20:00,coinbase,binance,80259.25,80508.56,10000,11.01,20121.27,20.021
2025-03-13T19:35:00,coinbase,binance,80369.81,80682.38,10000,18.82,20140.09,20.0289
2025-03-13T21:05:00,coinbase,binance,80468.79,80743.09,10000,14.03,20154.12,20.0241
2025-03-13T21:25:00,binance,coinbase,80328.6,80595.15,10000,13.13,20167.25,20.0231
2025-03-13T21:35:00,binance,coinbase,80328.6,80601.19,10000,13.88,20181.13,20.0239
2025-03-13T23:20:00,coinbase,binance,81158.35,81426.5,10000,12.98,20194.11,20.023
2025-03-14T00:00:00,coinbase,binance,80948.02,81227.25,10000,14.44,20208.55,20.0245
2025-03-14T00:40:00,binance,coinbase,81232.3,81491.57,10000,11.86,20220.41,20.0219
2025-03-14T00:45:00,binance,coinbase,81239.26,81486.89,10000,10.43,20230.84,20.0205
2025-03-14T14:20:00,binance,coinbase,82643.61,82977.35,10000,20.31,20251.15,20.0303
2025-03-14T14:55:00,binance,coinbase,83230.36,83527.61,10000,15.65,20266.81,20.0257
2025-03-14T17:40:00,coinbase,binance,84232.1,84485.17,10000,9.99,20276.8,20.02
2025-03-14T18:15:00,coinbase,binance,84352.15,84651.46,10000,15.42,20292.22,20.0254
2025-03-14T20:05:00,coinbase,binance,84409.89,84691.9,10000,13.35,20305.58,20.0234
2025-03-15T02:10:00,binance,coinbase,84131.77,84402.67,10000,12.15,20317.72,20.0222
2025-03-15T04:15:00,coinbase,binance,84313.89,84597.7,10000,13.6,20331.32,20.0236
2025-03-16T12:15:00,coinbase,binance,82472.99,82736.46,10000,11.89,20343.22,20.0219
2025-03-16T12:35:00,coinbase,binance,82661.52,82924.65,10000,11.78,20355.0,20.0218
2025-03-16T17:00:00,binance,coinbase,83501.54,83909.63,10000,28.78,20383.78,20.0388
2025-03-16T17:10:00,coinbase,binance,83808.98,84082.66,10000,12.6,20396.38,20.0226
2025-03-17T12:55:00,coinbase,binance,83031.62,83303.44,10000,12.68,20409.06,20.0227
2025-03-17T13:00:00,coinbase,binance,82870.88,83158.46,10000,14.64,20423.7,20.0247
2025-03-17T13:55:00,coinbase,binance,83014.01,83266.15,10000,10.32,20434.03,20.0203
2025-03-17T14:00:00,coinbase,binance,82809.78,83074.73,10000,11.94,20445.97,20.022
2025-03-17T14:55:00,coinbase,binance,82903.97,83167.19,10000,11.7,20457.66,20.0217
2025-03-17T16:40:00,coinbase,binance,83229.21,83497.04,10000,12.13,20469.79,20.0221
2025-03-17T17:20:00,binance,coinbase,83657.6,83933.96,10000,12.98,20482.77,20.023
2025-03-17T19:40:00,binance,coinbase,84328.39,84582.99,10000,10.14,20492.91,20.0202
2025-03-17T21:50:00,binance,coinbase,83918.01,84199.98,10000,13.54,20506.45,20.0236
2025-03-17T22:30:00,binance,coinbase,83992.99,84244.98,10000,9.95,20516.4,20.02
2025-03-18T01:15:00,coinbase,binance,83356.17,83677.69,10000,18.5,20534.91,20.0285
2025-03-18T01:40:00,coinbase,binance,83051.39,83324.29,10000,12.8,20547.71,20.0228
2025-03-18T02:30:00,binance,coinbase,83220.89,83525.36,10000,16.52,20564.24,20.0265
2025-03-18T15:40:00,coinbase,binance,81869.23,82147.09,10000,13.88,20578.12,20.0239
2025-03-18T18:25:00,coinbase,binance,81339.97,81590.21,10000,10.71,20588.83,20.0207
2025-03-19T18:35:00,coinbase,binance,84410.77,84682.43,10000,12.13,20600.96,20.0222
2025-03-19T21:30:00,binance,coinbase,85512.62,85827.21,10000,16.73,20617.68,20.0268
2025-03-19T22:05:00,binance,coinbase,85517.33,85800.0,10000,13.0,20630.68,20.023
2025-03-19T22:30:00,binance,coinbase,85625.21,85944.16,10000,17.19,20647.87,20.0272
2025-03-19T22:35:00,binance,coinbase,85727.51,85993.13,10000,10.93,20658.8,20.021
2025-03-19T23:00:00,binance,coinbase,86103.76,86408.88,10000,15.38,20674.18,20.0254
2025-03-19T23:05:00,binance,coinbase,86103.76,86413.19,10000,15.88,20690.05,20.0259
2025-03-20T00:45:00,coinbase,binance,86074.0,86332.57,10000,9.99,20700.04,20.02
2025-03-20T01:35:00,coinbase,binance,85958.11,86239.46,10000,12.68,20712.72,20.0227
2025-03-20T02:35:00,binance,coinbase,85703.33,85961.9,10000,10.12,20722.84,20.0201
2025-03-20T02:50:00,binance,coinbase,85788.45,86121.33,10000,18.73,20741.57,20.0288
2025-03-20T02:55:00,binance,coinbase,85800.95,86095.41,10000,14.26,20755.83,20.0243
2025-03-20T03:05:00,binance,coinbase,85813.78,86140.56,10000,18.01,20773.85,20.028
2025-03-20T05:45:00,binance,coinbase,85468.64,85745.27,10000,12.31,20786.16,20.0223
2025-03-20T13:20:00,coinbase,binance,85108.3,85389.1,10000,12.94,20799.09,20.023
2025-03-20T23:00:00,coinbase,binance,83982.08,84236.09,10000,10.2,20809.29,20.0202
2025-03-21T08:20:00,coinbase,binance,83794.37,84049.82,10000,10.43,20819.72,20.0205
2025-03-21T12:35:00,coinbase,binance,83849.98,84223.88,10000,24.51,20844.24,20.0345
2025-03-21T15:15:00,coinbase,binance,83714.07,84082.3,10000,23.91,20868.15,20.0339
2025-03-21T15:50:00,coinbase,binance,83591.58,83847.3,10000,10.54,20878.69,20.0206
2025-03-21T17:25:00,coinbase,binance,83754.97,84048.31,10000,14.96,20893.65,20.025
2025-03-21T17:30:00,coinbase,binance,83752.18,84045.96,10000,15.02,20908.67,20.025
2025-03-21T18:05:00,coinbase,binance,83963.87,84226.03,10000,11.17,20919.84,20.0212
2025-03-21T19:00:00,coinbase,binance,83997.11,84299.31,10000,15.92,20935.75,20.0259
2025-03-21T19:30:00,coinbase,binance,83948.0,84285.28,10000,20.11,20955.86,20.0301
2025-03-24T07:35:00,coinbase,binance,86764.57,87025.94,10000,10.07,20965.93,20.0201
2025-03-25T13:50:00,binance,coinbase,87194.72,87492.77,10000,14.12,20980.06,20.0241
2025-03-26T20:10:00,binance,coinbase,86622.45,86935.17,10000,16.04,20996.1,20.0261
2025-03-28T05:10:00,coinbase,binance,86052.31,86350.4,10000,14.58,21010.68,20.0246
2025-03-28T05:15:00,coinbase,binance,86001.61,86274.39,10000,11.66,21022.34,20.0217
2025-03-28T09:00:00,coinbase,binance,85129.32,85433.09,10000,15.62,21037.96,20.0256
2025-03-28T09:05:00,coinbase,binance,85122.72,85433.09,10000,16.4,21054.36,20.0264
2025-03-28T12:20:00,coinbase,binance,85209.37,85558.7,10000,20.92,21075.29,20.031
2025-03-28T12:35:00,coinbase,binance,84888.84,85229.59,10000,20.07,21095.36,20.0301
2025-03-28T14:00:00,coinbase,binance,84820.72,85087.73,10000,11.43,21106.78,20.0214
2025-03-28T14:05:00,coinbase,binance,84385.15,84652.79,10000,11.66,21118.45,20.0217
2025-03-28T16:05:00,coinbase,binance,83936.28,84324.67,10000,26.19,21144.64,20.0362
2025-03-29T12:00:00,coinbase,binance,82127.56,82375.42,10000,10.13,21154.77,20.0201
2025-03-29T18:15:00,binance,coinbase,82167.4,82418.36,10000,10.49,21165.26,20.0205
2025-04-02T14:05:00,coinbase,binance,85456.71,85759.91,10000,15.42,21180.68,20.0254
2025-04-02T15:35:00,binance,coinbase,86679.89,87215.19,10000,41.64,21222.32,20.0517
2025-04-02T18:35:00,binance,coinbase,86260.0,86535.85,10000,11.92,21234.24,20.0219
2025-04-02T20:40:00,coinbase,binance,85357.47,85622.15,10000,10.96,21245.2,20.021
2025-04-03T00:25:00,coinbase,binance,82957.41,83220.0,10000,11.6,21256.8,20.0216
2025-04-03T02:15:00,coinbase,binance,83381.68,83646.46,10000,11.7,21268.5,20.0217
2025-04-03T03:35:00,coinbase,binance,83452.91,83705.58,10000,10.23,21278.73,20.0202
2025-04-03T16:05:00,coinbase,binance,82051.72,82298.4,10000,10.01,21288.74,20.02
2025-04-03T16:50:00,coinbase,binance,81795.54,82150.54,10000,23.32,21312.07,20.0334
2025-04-04T13:45:00,coinbase,binance,82525.22,82881.19,10000,23.06,21335.13,20.0331
2025-04-04T16:40:00,coinbase,binance,83094.72,83361.66,10000,12.07,21347.2,20.0221
2025-04-04T18:00:00,coinbase,binance,84261.33,84537.66,10000,12.74,21359.94,20.0228
2025-04-05T15:35:00,coinbase,binance,82574.7,82865.88,10000,15.2,21375.14,20.0252
2025-04-05T21:55:00,coinbase,binance,82883.47,83140.68,10000,10.98,21386.12,20.021
2025-04-06T10:05:00,coinbase,binance,82818.66,83112.22,10000,15.39,21401.5,20.0254
2025-04-06T15:05:00,coinbase,binance,82477.01,82728.02,10000,10.38,21411.89,20.0204
2025-04-06T19:00:00,coinbase,binance,79012.45,79302.91,10000,16.7,21428.58,20.0267
2025-04-06T20:15:00,binance,coinbase,79396.97,79635.29,10000,9.97,21438.55,20.02
2025-04-06T22:10:00,coinbase,binance,78763.52,79026.32,10000,13.31,21451.86,20.0233
2025-04-07T05:10:00,coinbase,binance,77010.67,77246.52,10000,10.57,21462.43,20.0206
2025-04-07T07:40:00,coinbase,binance,75146.19,75416.79,10000,15.95,21478.38,20.026
2025-04-07T14:00:00,coinbase,binance,78038.35,78343.48,10000,19.03,21497.41,20.0291
2025-04-07T14:15:00,coinbase,binance,80211.42,80535.84,10000,20.37,21517.79,20.0304
2025-04-07T14:25:00,coinbase,binance,78055.34,78366.44,10000,19.79,21537.58,20.0298
2025-04-07T14:30:00,coinbase,binance,78268.69,78714.9,10000,36.91,21574.48,20.047
2025-04-07T15:25:00,coinbase,binance,77980.04,78285.63,10000,19.12,21593.6,20.0291
2025-04-07T15:55:00,coinbase,binance,78444.26,78790.54,10000,24.07,21617.67,20.0341
2025-04-07T19:35:00,coinbase,binance,78615.41,78864.52,10000,11.63,21629.3,20.0217
2025-04-08T08:05:00,coinbase,binance,79209.11,79549.46,10000,22.89,21652.19,20.0329
2025-04-08T09:55:00,coinbase,binance,78878.07,79130.62,10000,11.96,21664.16,20.022
2025-04-08T15:25:00,coinbase,binance,78164.02,78401.86,10000,10.38,21674.53,20.0204
2025-04-08T19:35:00,coinbase,binance,76495.08,76741.11,10000,12.11,21686.64,20.0221
2025-04-08T19:40:00,coinbase,binance,76370.17,76627.01,10000,13.57,21700.22,20.0236
2025-04-08T20:00:00,coinbase,binance,76635.85,76966.12,10000,23.02,21723.24,20.0331
2025-04-08T20:20:00,coinbase,binance,76593.42,76830.77,10000,10.94,21734.17,20.021
2025-04-08T23:30:00,coinbase,binance,76376.88,76608.46,10000,10.27,21744.44,20.0203
2025-04-08T23:50:00,coinbase,binance,76311.9,76601.85,10000,17.93,21762.37,20.028
2025-04-08T23:55:00,coinbase,binance,76251.64,76587.58,10000,23.98,21786.35,20.034
2025-04-09T04:00:00,coinbase,binance,75384.67,75717.01,10000,24.01,21810.36,20.034
2025-04-09T04:05:00,coinbase,binance,75233.13,75478.21,10000,12.52,21822.88,20.0225
2025-04-09T06:45:00,coinbase,binance,76919.86,77153.83,10000,10.37,21833.25,20.0204
2025-04-09T13:05:00,coinbase,binance,76807.25,77101.64,10000,18.26,21851.51,20.0283
2025-04-09T17:45:00,coinbase,binance,81306.09,81697.81,10000,28.09,21879.6,20.0381
2025-04-10T10:40:00,coinbase,binance,81566.01,81833.67,10000,12.76,21892.36,20.0228
2025-04-10T12:40:00,coinbase,binance,81784.84,82084.97,10000,16.63,21908.99,20.0267
2025-04-10T15:40:00,coinbase,binance,79159.21,79419.06,10000,12.77,21921.76,20.0228
2025-04-10T19:05:00,coinbase,binance,79449.99,79750.0,10000,17.7,21939.46,20.0277
2025-04-10T19:25:00,coinbase,binance,79293.88,79609.35,10000,19.72,21959.17,20.0297
